sender,recipient,value,timestamp,gasPrice
0xa1e4380a3b1f749673e270229993ee55f35663b4,0x5df9b87991262f6ba471f09758cde1c0fc1de734,31337 ,1438918233 ,50000000000000 
0xbd08e0cddec097db7901ea819a3d1fd9de8951a2,0x5c12a8e43faf884521c2454f39560e6c265a68c8,19900000000000000000 ,1438918613 ,909808707606 
0x63ac545c991243fa18aec41d4f6f598e555015dc,0xc93f2250589a6563f5359051c1ea25746549f0d8,599989500000000000000 ,1438918630 ,500000000000 
0x037dd056e7fdbd641db5b6bea2a8780a83fae180,0x7e7ec15a5944e978257ddae0008c2f2ece0a6090,100000000000000000000 ,1438918983 ,1000000000000 
0x3f2f381491797cc5c0d48296c14fd0cd00cdfa2d,0x4bd5f0ee173c81d42765154865ee69361b6ad189,803989500000000000000 ,1438919175 ,500000000000 
0xa1e4380a3b1f749673e270229993ee55f35663b4,0xc9d4035f4a9226d50f79b73aafb5d874a1b6537e,31337 ,1438919394 ,50000000000000 
0xc8ebccc5f5689fa8659d83713341e5ad19349448,0xc8ebccc5f5689fa8659d83713341e5ad19349448,0 ,1438919451 ,65334370444 
0xa1e4380a3b1f749673e270229993ee55f35663b4,0x5df9b87991262f6ba471f09758cde1c0fc1de734,31337 ,1438919461 ,50000000000000 
0xf0cf0af5bd7d8a3a1cad12a30b097265d49f255d,0xb608771949021d2f2f1c9c5afb980ad8bcda3985,100000000000000000000 ,1438919491 ,64178193561 
0x1c68a66138783a63c98cc675a9ec77af4598d35e,0xc8ebccc5f5689fa8659d83713341e5ad19349448,50000000000000000000 ,1438919571 ,71288549894 
0xfd2605a2bf58fdbb90db1da55df61628b47f9e8c,0x073f70b5bfade6409e4951ef72bc8f4157677729,10000000000000000 ,1438919655 ,70563255618 
0xbbed46565f5aa9af9539f543067821fa4b565438,0xbf8d8b4ec992203984f7379b001e87e6943dd5e3,4406636741121 ,1438919696 ,70543826520 
0x8ce4949d8a16542d423c17984e6739fa72ceb177,0x15e34a8324164ef0890471f6f527451f7a22cf12,100000000000000000000 ,1438919756 ,1000000000000 
0x136d4b662bbd1080cfe4445b0fa213864435b7f1,0xc8ebccc5f5689fa8659d83713341e5ad19349448,1000000000000000000000 ,1438919809 ,81400949601 
0x4d9279962029a8bd45639737e98b511eff074c21,0x99c236141daec837ece04fdaee1d90cf8bbdc104,1000000000000000000 ,1438919815 ,74717879258 
0x8ce4949d8a16542d423c17984e6739fa72ceb177,0x15e34a8324164ef0890471f6f527451f7a22cf12,100000000000000000000 ,1438919901 ,96136464245 
0x136d4b662bbd1080cfe4445b0fa213864435b7f1,0xc8ebccc5f5689fa8659d83713341e5ad19349448,2000000000000000000000 ,1438919913 ,93409693704 
0x03b35d960c861fe987c50380d76db9d6ae1fa510,0xb83b76f35cf6b2149b34ee092b3fc93b7bb54a8d,500000000000000000 ,1438919949 ,91092907897 
0x4d9279962029a8bd45639737e98b511eff074c21,0xd65f9b9aa7becfd1481bdd7e22527ca0900b7bc8,100000000000000000000 ,1438919983 ,110931381403 
0xfd2605a2bf58fdbb90db1da55df61628b47f9e8c,0x073f70b5bfade6409e4951ef72bc8f4157677729,10000000000000000 ,1438919990 ,88893746891 
0x762998e1d75227fced7a70be109a4c0b4ed86414,0x9e0afd592b1e40bee26816e360f02eebf04ad74b,1000000000000000 ,1438920022 ,50000000000000 
0x22f2dcff5ad78c3eb6850b5cb951127b659522e6,0xb5ce1861d98e85c84531dbc18720278328fd97f6,1000000000000000000 ,1438920042 ,120000000000 
0x136d4b662bbd1080cfe4445b0fa213864435b7f1,0xc8ebccc5f5689fa8659d83713341e5ad19349448,999000000000000000000 ,1438920064 ,138233869948 
0x03b35d960c861fe987c50380d76db9d6ae1fa510,0x07dc8c8b927adbedfa8f5d639b4352351f2f36d2,1000000000000000000 ,1438920102 ,145762428930 
0x39d4a931402c0c79c457186f24df8729cf957031,0xe1f5b8dc9336bc9637ea97c3f3b13cd363f88854,3000000000000000000000 ,1438920167 ,147083652667 
0x15e34a8324164ef0890471f6f527451f7a22cf12,0x2c00e533f36ac741a29be87acb63366d2200138c,100000000000000000000 ,1438920178 ,149082168291 
0x762998e1d75227fced7a70be109a4c0b4ed86414,0x9e0afd592b1e40bee26816e360f02eebf04ad74b,18900000000000000000 ,1438920197 ,150000000000 
0xc1cdc601f89c0428b31302d187e0dc08ad7d1c57,0x806f38edec3539c3b368f49f5783d8c673935375,1000000000000000000000 ,1438920258 ,178710713559 
0x22f2dcff5ad78c3eb6850b5cb951127b659522e6,0xb5ce1861d98e85c84531dbc18720278328fd97f6,1000000000000000000 ,1438920289 ,170000000000 
0x762998e1d75227fced7a70be109a4c0b4ed86414,0x9e0afd592b1e40bee26816e360f02eebf04ad74b,42000000000000000 ,1438920339 ,150000000000 
0x6232df6f3a300fcd3bc591452ac447eea3ac079f,0xd5508890f2b282fb1939b561ec11d8f2b6ed4e05,1000000000000000000 ,1438920341 ,120000000000 
0xdc49b9dc1abb93ebb856547a1c0578d65f4a32de,0xff68c2f39c4e7fe2f92c2dc2f8615b1bf070e0fa,15000000000000000000 ,1438920390 ,1172854867800 
0xfc97c2c87e3cc03beb5fa2facaa10bbd0d0da1af,0x08cac8952641d8fc526ec1ab4f2df826a5e7710f,10000000000000000 ,1438920403 ,200416644723 
0x8ce4949d8a16542d423c17984e6739fa72ceb177,0x15e34a8324164ef0890471f6f527451f7a22cf12,24000000000000000000000 ,1438920404 ,195347509799 
0x136d4b662bbd1080cfe4445b0fa213864435b7f1,0xc8ebccc5f5689fa8659d83713341e5ad19349448,980000000000000000 ,1438920416 ,194460522872 
0xf7500c166f8bea2f82347606e5024be9e4f4ce99,0x2d3cf607adce246f0750b08ebdc87789edb2a407,10000000000000000 ,1438920428 ,500000000000 
0x03b35d960c861fe987c50380d76db9d6ae1fa510,0xb83b76f35cf6b2149b34ee092b3fc93b7bb54a8d,1000000000000000000 ,1438920429 ,192582309749 
0x1c68a66138783a63c98cc675a9ec77af4598d35e,0xc8ebccc5f5689fa8659d83713341e5ad19349448,90000000000000000 ,1438920449 ,252853737379 
0xc1cdc601f89c0428b31302d187e0dc08ad7d1c57,0x6331fc207bfc3aabded887b553e5cd9898c8f801,500000000000000000000 ,1438920536 ,257401976588 
0x9e0afd592b1e40bee26816e360f02eebf04ad74b,0x81c039692a575005f2f5f26c6f69dba26a8f6408,5000000000000000000 ,1438920574 ,150000000000 
0xfd2605a2bf58fdbb90db1da55df61628b47f9e8c,0x7266c8fd66ed582bea23bd8bc48e58d7f17321f3,10000000000000000 ,1438920681 ,266234819592 
0xfd2605a2bf58fdbb90db1da55df61628b47f9e8c,0x05da05ecf1f8a9ef04026806a840aea02d290969,10000000000000000 ,1438920756 ,280756161137 
0xfd2605a2bf58fdbb90db1da55df61628b47f9e8c,0x88b3672d21fecaa5313c37c59de4ed53fd8c76fd,10000000000000000 ,1438920830 ,297006036751 
0x6baf48e1c966d16559ce2dddb616ffa72004851e,0xf55cdbdf978f539ea4eee0621f7f1a0f9f00f7d9,50000000000000000 ,1438920857 ,337447312100 
0xf86a3ea8071f7095c7db8a05ae507a8929dbb876,0xffb51e371b640c7c251dbfba2f061b66e9aea864,10000000000000000 ,1438921209 ,324470956531 
0x3d0768da09ce77d25e2d998e6a7b6ed4b9116c2d,0xc9d4035f4a9226d50f79b73aafb5d874a1b6537e,50000000000000000 ,1438921225 ,315271686434 
0x4f4a9be10cd5d3fb5de48c17be296f895690645b,0x365b685282c9b242ec345fb64731ecfc4fcb834c,100000000000000000000 ,1438921248 ,120000000000 
0x232cb1cd49993c144a3f88b3611e233569a86bd6,0xcbf478675787c70c5696b1335ebcdabf401298f9,1000000000000000000 ,1438921289 ,356537981030 
0x4d9279962029a8bd45639737e98b511eff074c21,0x99c236141daec837ece04fdaee1d90cf8bbdc104,1000000000000000000 ,1438921329 ,374519352100 
0x4d9279962029a8bd45639737e98b511eff074c21,0x99c236141daec837ece04fdaee1d90cf8bbdc104,1000000000000000000 ,1438921439 ,392531098289 
0x232cb1cd49993c144a3f88b3611e233569a86bd6,0xa08d215b5b6aac4861a281ac7e400b78fef04cbf,1000000000000000000000 ,1438921521 ,433218980955 
0xaf880fc7567d5595cacce15c3fc14c8742c26c9e,0x543807d0af2c58b49d7f25659d0472d4d8b8e8da,1000000000000000000 ,1438921567 ,490857846173 
0xbd744e3f13d79b33f6c8e1d5e32f8e9ba2866c46,0xd2e57181bee0bf25a2e7d377eaccec854bd65334,6093750000000000000 ,1438921571 ,425341501588 
0xbd744e3f13d79b33f6c8e1d5e32f8e9ba2866c46,0xd2e57181bee0bf25a2e7d377eaccec854bd65334,6093750000000000000 ,1438921572 ,425341501588 
0xbd744e3f13d79b33f6c8e1d5e32f8e9ba2866c46,0xd2e57181bee0bf25a2e7d377eaccec854bd65334,6093750000000000000 ,1438921600 ,425341501588 
0xbd744e3f13d79b33f6c8e1d5e32f8e9ba2866c46,0xd2e57181bee0bf25a2e7d377eaccec854bd65334,6093750000000000000 ,1438921604 ,425341501588 
0xbd744e3f13d79b33f6c8e1d5e32f8e9ba2866c46,0xd2e57181bee0bf25a2e7d377eaccec854bd65334,6093750000000000000 ,1438921633 ,425341501588 
0x22f2dcff5ad78c3eb6850b5cb951127b659522e6,0x9aa9205faa68e731703c633b53fe5af8ece59d38,1000000000000000000 ,1438921677 ,350000000000 
0xdb0cc78f74d9827bdc8a6473276eb84fdc976212,0x529049b336ebfd6df2f059c7fa964ba833a2c32b,1000000000000000000 ,1438921698 ,1202873060117 
0xf86a3ea8071f7095c7db8a05ae507a8929dbb876,0xffb51e371b640c7c251dbfba2f061b66e9aea864,10000000000000000 ,1438921723 ,500000000000 
0xf86a3ea8071f7095c7db8a05ae507a8929dbb876,0xffb51e371b640c7c251dbfba2f061b66e9aea864,11000000000000000 ,1438921803 ,800000000000 
0xaf880fc7567d5595cacce15c3fc14c8742c26c9e,0x543807d0af2c58b49d7f25659d0472d4d8b8e8da,15000000000000000000 ,1438921824 ,500000000000 
0x9252a9c83d5703edc585cfdce80d5f903d357514,0xc54671b79ffcdc38c550bfc2f43aca4faf8d6f64,9900000000000000000 ,1438921861 ,600000000000 
0xf7500c166f8bea2f82347606e5024be9e4f4ce99,0x2a3a69c490dd4c3b15959d4df6531d37e4f3e0d6,10000000000000000 ,1438921936 ,500000000000 
0xdb0cc78f74d9827bdc8a6473276eb84fdc976212,0x529049b336ebfd6df2f059c7fa964ba833a2c32b,99000000000000000000 ,1438922036 ,1110276852358 
0xf86a3ea8071f7095c7db8a05ae507a8929dbb876,0x7cd05927fe0aa3b6552db959e7539ae28dcbbdcf,11000000000000000 ,1438922039 ,800000000000 
0xaf880fc7567d5595cacce15c3fc14c8742c26c9e,0x543807d0af2c58b49d7f25659d0472d4d8b8e8da,30000000000000000000 ,1438922078 ,500000000000 
0xfd2605a2bf58fdbb90db1da55df61628b47f9e8c,0xab5199486803893a6dc1ad1d31612895300bcca9,10000000000000000 ,1438922185 ,500000000000 
0x8c6ae7a05a1de57582ae2768204276c0ff47ed03,0x7a19c3c33f2a800b2fa361fd24277cab0a1c1db1,0 ,1438922202 ,500000000000 
0x805d846fb0bc02a7337226d685be9ee773b9198a,0x3ce9c2078713ec3530f7edfe8c0d9dbf6f0fa5c1,2999800000000000000000 ,1438922203 ,450000000000 
0x8c6ae7a05a1de57582ae2768204276c0ff47ed03,0x7a19c3c33f2a800b2fa361fd24277cab0a1c1db1,1000000000000000000 ,1438922290 ,500000000000 
0x0cda12bf72d461bbc479eb92e6491d057e6b5ad1,0x2a3a69c490dd4c3b15959d4df6531d37e4f3e0d6,500000000000000000000 ,1438922333 ,500000000000 
0x8566610901aace38b83244f3a9c831306a67b9dc,0xf54cd4ea55d233e7175bbbc8d55645ad60c0ea73,133700000000000000 ,1438922335 ,500000000000 
0x4f4a9be10cd5d3fb5de48c17be296f895690645b,0x365b685282c9b242ec345fb64731ecfc4fcb834c,10000000000000000000000 ,1438922403 ,600000000000 
0x805d846fb0bc02a7337226d685be9ee773b9198a,0x3ce9c2078713ec3530f7edfe8c0d9dbf6f0fa5c1,2999800000000000000000 ,1438922428 ,450000000000 
0x07dc8c8b927adbedfa8f5d639b4352351f2f36d2,0xb83b76f35cf6b2149b34ee092b3fc93b7bb54a8d,100000000000000000000 ,1438922478 ,500000000000 
0xf55cdbdf978f539ea4eee0621f7f1a0f9f00f7d9,0x6baf48e1c966d16559ce2dddb616ffa72004851e,5000000000000000 ,1438922527 ,500000000000 
0xaf880fc7567d5595cacce15c3fc14c8742c26c9e,0x543807d0af2c58b49d7f25659d0472d4d8b8e8da,20000000000000000000 ,1438922533 ,500000000000 
0xf86a3ea8071f7095c7db8a05ae507a8929dbb876,0x7cd05927fe0aa3b6552db959e7539ae28dcbbdcf,100000000000000000000 ,1438922543 ,800000000000 
0xaf880fc7567d5595cacce15c3fc14c8742c26c9e,0x543807d0af2c58b49d7f25659d0472d4d8b8e8da,20000000000000000000 ,1438922638 ,500000000000 
0x6baf48e1c966d16559ce2dddb616ffa72004851e,0xbf8d8b4ec992203984f7379b001e87e6943dd5e3,50000000000000000 ,1438922654 ,500000000000 
0xaf880fc7567d5595cacce15c3fc14c8742c26c9e,0x543807d0af2c58b49d7f25659d0472d4d8b8e8da,20000000000000000000 ,1438922718 ,500000000000 
0x22f2dcff5ad78c3eb6850b5cb951127b659522e6,0x0000000000000000000000000000000000000000,0 ,1438922865 ,500000000000 
0x22f2dcff5ad78c3eb6850b5cb951127b659522e6,0x0000000000000000000000000000000000000000,0 ,1438922897 ,500000000000 
0x22f2dcff5ad78c3eb6850b5cb951127b659522e6,0x0000000000000000000000000000000000000000,0 ,1438922935 ,500000000000 
0x4bd5f0ee173c81d42765154865ee69361b6ad189,0x18ba9b3c8e3f8ebcb7325737c0f3004397f5b9ac,5000000000000000000 ,1438922983 ,500000000000 
0xa89ac93b23370472daac337e9afdf642543f3e57,0xb5046cb3dc1dedbd364514a2848e44c1de4ed147,10000000000000000000 ,1438923147 ,500000000000 
0xa89ac93b23370472daac337e9afdf642543f3e57,0xb5046cb3dc1dedbd364514a2848e44c1de4ed147,1000000000000000000000 ,1438923205 ,500000000000 
0x664b099b945b899aac84da69dd6d4eeb3d03c8a3,0xfb75d7e985405567216fd0917eb8bb3b3e63fd48,100000000000000000 ,1438923283 ,800000000000 
0xa89ac93b23370472daac337e9afdf642543f3e57,0xb5046cb3dc1dedbd364514a2848e44c1de4ed147,1000000000000000000000 ,1438923316 ,500000000000 
0xea81ca8638540cd9d4d73d060f2cebf2241ffc3e,0xb0bf4a71f730782368ef660fe6d298f432f95450,300000000000000000000 ,1438923324 ,2600000000000 
0xcd39cbcf71ff4e9592f94db59db4ff45e34b174f,0x8178414ff0aba7fd5bc60a72cb17e213b371f35c,1000000000000000 ,1438923335 ,500000000000 
0xa89ac93b23370472daac337e9afdf642543f3e57,0x52de4b32e40ba930679efeb2214357cdf6fec979,100000000000000000000 ,1438923375 ,500000000000 
0x9746c7e1ef2bd21ff3997fa467593a89cb852bd0,0xb0bf4a71f730782368ef660fe6d298f432f95450,500000000000000000000 ,1438923466 ,1050000000000 
0xa89ac93b23370472daac337e9afdf642543f3e57,0xb5046cb3dc1dedbd364514a2848e44c1de4ed147,10000000000000000000 ,1438923510 ,500000000000 
0x9746c7e1ef2bd21ff3997fa467593a89cb852bd0,0xb0bf4a71f730782368ef660fe6d298f432f95450,500000000000000000000 ,1438923526 ,1050000000000 
0x895ec5545644e0b78330fffab8ddeac9e833156c,0x63b0495e672b1382b1ac7968b02e3b4234fe59dd,599000000000000000000 ,1438923532 ,500000000000 
0x0cda12bf72d461bbc479eb92e6491d057e6b5ad1,0xab5199486803893a6dc1ad1d31612895300bcca9,10000000000000000 ,1438923627 ,500000000000 
0xd3679a47df2d99a49b01c98d1c3e0c987ce1e158,0x4bef38c01bc78be1914bfe8d309adf66a0e6721a,180000000000000000000 ,1438923646 ,1225190432338 
0xa89ac93b23370472daac337e9afdf642543f3e57,0x0000000000000000000000000000000000000000,100000000000000000000 ,1438923647 ,500000000000 
0x543807d0af2c58b49d7f25659d0472d4d8b8e8da,0x32be343b94f860124dc4fee278fdcbd38c102d88,105989500000000000000 ,1438923669 ,500000000000 
0x3ce9c2078713ec3530f7edfe8c0d9dbf6f0fa5c1,0x32be343b94f860124dc4fee278fdcbd38c102d88,5999589499999990000000 ,1438923693 ,500000000000 
0xd2e57181bee0bf25a2e7d377eaccec854bd65334,0x32be343b94f860124dc4fee278fdcbd38c102d88,30458250000000000000 ,1438923695 ,500000000000 
0x7a19c3c33f2a800b2fa361fd24277cab0a1c1db1,0x32be343b94f860124dc4fee278fdcbd38c102d88,989500000000000000 ,1438923716 ,500000000000 
0xc54671b79ffcdc38c550bfc2f43aca4faf8d6f64,0x32be343b94f860124dc4fee278fdcbd38c102d88,9889500000000000000 ,1438923718 ,500000000000 
0x81c039692a575005f2f5f26c6f69dba26a8f6408,0x32be343b94f860124dc4fee278fdcbd38c102d88,4989500000000000000 ,1438923720 ,500000000000 
0x365b685282c9b242ec345fb64731ecfc4fcb834c,0x32be343b94f860124dc4fee278fdcbd38c102d88,10099989499990000000000 ,1438923740 ,500000000000 
0x7cd05927fe0aa3b6552db959e7539ae28dcbbdcf,0x32be343b94f860124dc4fee278fdcbd38c102d88,100000500000000000000 ,1438923762 ,500000000000 
0xe1f5b8dc9336bc9637ea97c3f3b13cd363f88854,0x32be343b94f860124dc4fee278fdcbd38c102d88,2999989499999990000000 ,1438923763 ,500000000000 
0x529049b336ebfd6df2f059c7fa964ba833a2c32b,0x32be343b94f860124dc4fee278fdcbd38c102d88,99989500000000000000 ,1438923773 ,500000000000 
0xf86a3ea8071f7095c7db8a05ae507a8929dbb876,0x7cd05927fe0aa3b6552db959e7539ae28dcbbdcf,235000000000000000000 ,1438923821 ,800000000000 
0xb83b76f35cf6b2149b34ee092b3fc93b7bb54a8d,0x32be343b94f860124dc4fee278fdcbd38c102d88,101489500000000000000 ,1438923836 ,500000000000 
0x9aa9205faa68e731703c633b53fe5af8ece59d38,0x32be343b94f860124dc4fee278fdcbd38c102d88,989500000000000000 ,1438923838 ,500000000000 
0xd65f9b9aa7becfd1481bdd7e22527ca0900b7bc8,0x32be343b94f860124dc4fee278fdcbd38c102d88,99989500000000000000 ,1438923850 ,500000000000 
0xcd39cbcf71ff4e9592f94db59db4ff45e34b174f,0x8178414ff0aba7fd5bc60a72cb17e213b371f35c,10000000000000000 ,1438923894 ,500000000000 
0x8566610901aace38b83244f3a9c831306a67b9dc,0x900c0afc99968f30e64a7dee5828042b6422a098,200000000000000000000 ,1438923919 ,500000000000 
0x0cda12bf72d461bbc479eb92e6491d057e6b5ad1,0xab5199486803893a6dc1ad1d31612895300bcca9,1000000000000000000000 ,1438923950 ,500000000000 
0x2a3a69c490dd4c3b15959d4df6531d37e4f3e0d6,0xf6e1652a0397e078f434d6dda181b218cfd42e09,10000000000000000 ,1438923997 ,500000000000 
0xa89ac93b23370472daac337e9afdf642543f3e57,0xb5046cb3dc1dedbd364514a2848e44c1de4ed147,1000000000000000000000 ,1438924016 ,500000000000 
0x47ff6576639c2e94762ea5443978d7681c0e78dc,0xed17ea8e9fd42159037dee95ea173a56c54f55ce,125000000000000000000 ,1438924018 ,500000000000 
0xed17ea8e9fd42159037dee95ea173a56c54f55ce,0x32be343b94f860124dc4fee278fdcbd38c102d88,124989500000000000000 ,1438924072 ,500000000000 
0xa89ac93b23370472daac337e9afdf642543f3e57,0xb5046cb3dc1dedbd364514a2848e44c1de4ed147,1000000000000000000000 ,1438924090 ,500000000000 
0x22f2dcff5ad78c3eb6850b5cb951127b659522e6,0x0000000000000000000000000000000000000000,0 ,1438924107 ,500000000000 
0xa89ac93b23370472daac337e9afdf642543f3e57,0xb5046cb3dc1dedbd364514a2848e44c1de4ed147,1000000000000000000000 ,1438924201 ,500000000000 
0x39d4a931402c0c79c457186f24df8729cf957031,0xe1f5b8dc9336bc9637ea97c3f3b13cd363f88854,999590000000000000000 ,1438924206 ,500000000000 
0xa89ac93b23370472daac337e9afdf642543f3e57,0xb5046cb3dc1dedbd364514a2848e44c1de4ed147,1000000000000000000000 ,1438924235 ,500000000000 
0xe1f5b8dc9336bc9637ea97c3f3b13cd363f88854,0x32be343b94f860124dc4fee278fdcbd38c102d88,999579499999999000000 ,1438924276 ,500000000000 
0x8566610901aace38b83244f3a9c831306a67b9dc,0x900c0afc99968f30e64a7dee5828042b6422a098,3000000000000000000000 ,1438924293 ,500000000000 
0x87898ce53471043fcca0a2af4e1dc6d8b3fcf607,0xbfdd9820a04283b289957956353b5f3c1f665ecf,100000000000000000000 ,1438924394 ,500000000000 
0x900c0afc99968f30e64a7dee5828042b6422a098,0x32be343b94f860124dc4fee278fdcbd38c102d88,3199989499999990000000 ,1438924546 ,500000000000 
0xbfdd9820a04283b289957956353b5f3c1f665ecf,0x32be343b94f860124dc4fee278fdcbd38c102d88,99989500000000000000 ,1438924555 ,500000000000 
0xd7e30ae310c1d1800f5b641baa7af95b2e1fd98c,0xf7b8418409f2a9de568a4bcbd93d7e26d70509ae,1000000000000000000 ,1438924597 ,1000000000000 
0x0785a86be9c2d68dbaebaf1db72641680529e2fd,0xe1f5b8dc9336bc9637ea97c3f3b13cd363f88854,169000000000000000000 ,1438924658 ,500000000000 
0x31ed858788bda4d5270992221cc04206ec62610d,0x7cd05927fe0aa3b6552db959e7539ae28dcbbdcf,1175000000000000000000 ,1438924762 ,801000000000 
0x4bd5f0ee173c81d42765154865ee69361b6ad189,0x18ba9b3c8e3f8ebcb7325737c0f3004397f5b9ac,95000000000000000000 ,1438924780 ,500000000000 
0x4ea56e1112641c038d0565a9c296c463afefc17e,0xb583f9403de6c5b2c83d7e2de9928331176071b8,1000000000000000000 ,1438924791 ,500000000000 
0x7cd05927fe0aa3b6552db959e7539ae28dcbbdcf,0x32be343b94f860124dc4fee278fdcbd38c102d88,234989502560000000000 ,1438924804 ,499878166925 
0x895ec5545644e0b78330fffab8ddeac9e833156c,0x63b0495e672b1382b1ac7968b02e3b4234fe59dd,979000000000000000 ,1438924949 ,500000000000 
0xd0c34376f4b5ae34e062c043f736f1304b153544,0x835cfb953639abab9f2612b8d92c997771ae6312,1000000000000000000 ,1438925016 ,1120681730597 
0xab265e840933431739e8be901b21785aab7d28be,0xf9a19aea1193d9b9e4ef2f5b8c9ec8df93a22356,1000000000000000000 ,1438925080 ,500000000000 
0x7cd05927fe0aa3b6552db959e7539ae28dcbbdcf,0x32be343b94f860124dc4fee278fdcbd38c102d88,1174990606569990000000 ,1438925096 ,447305912337 
0xff68c2f39c4e7fe2f92c2dc2f8615b1bf070e0fa,0x0000000000000000000000000000000000000000,14000000000000000000 ,1438925136 ,418952701693 
0xd7e30ae310c1d1800f5b641baa7af95b2e1fd98c,0x4019b21f3db1f288414ac180f3ea63315b12a7ac,1000000000000000000 ,1438925305 ,500000000000 
0x0cda12bf72d461bbc479eb92e6491d057e6b5ad1,0xe1237d552429cc333ffd3038fc3ba3441d0b7dde,10000000000000000 ,1438925333 ,450000000000 
0x87898ce53471043fcca0a2af4e1dc6d8b3fcf607,0xbfdd9820a04283b289957956353b5f3c1f665ecf,91800000000000000000 ,1438925489 ,381254943419 
0x9c7862898230b22f4b89df6a6bb2e981cbed1974,0xe6a7a1d47ff21b6321162aea7c6cb457d5476bca,19992487290529700000 ,1438925509 ,357748070011 
0x4bd5f0ee173c81d42765154865ee69361b6ad189,0xfd7c9117bbeb649d9b37b3d3c9917f7c12f526b3,5000000000000000000 ,1438925587 ,500000000000 
0x63b0495e672b1382b1ac7968b02e3b4234fe59dd,0x32be343b94f860124dc4fee278fdcbd38c102d88,599970599999999000000 ,1438925600 ,400000000000 
0xa89ac93b23370472daac337e9afdf642543f3e57,0x92c27672fe65e002159ec2597fcf8897adbf5b29,10000000000000000000 ,1438925641 ,357863769011 
0xa89ac93b23370472daac337e9afdf642543f3e57,0x92c27672fe65e002159ec2597fcf8897adbf5b29,10000000000000000000 ,1438925690 ,339603206203 
0x0cda12bf72d461bbc479eb92e6491d057e6b5ad1,0x8dda5e016e674683241bf671cced51e7239ea2bc,10000000000000000 ,1438925782 ,450000000000 
0xccf7110d1bd9a74bfd1d7d7d2d9d55607e7b837d,0x3dfe98a9cebaa3c6901e643b50271d3c1a3e4c17,343000000000000000000 ,1438925929 ,280668224427 
0xf9d5c39f787349c66b088010fd99a29bd5a38989,0x3f5cd2b711eaf2131237650c2eb03732f1bea2cd,3000000000000000000 ,1438926117 ,1152980376417 
0xf9d5c39f787349c66b088010fd99a29bd5a38989,0x3f5cd2b711eaf2131237650c2eb03732f1bea2cd,30800000000000000000 ,1438926244 ,1213574552819 
0x36d85dc3683156e63bf880a9fab7788cf8143a27,0xde72e29d65eaabbd236b21c1d59a486c19abdad5,100000000000000000000 ,1438926421 ,300000000000 
0x36d85dc3683156e63bf880a9fab7788cf8143a27,0xde72e29d65eaabbd236b21c1d59a486c19abdad5,3000000000000000000000 ,1438926453 ,300000000000 
0x0a63e1a8c33e351679e3581ac84ce341c32f813a,0x4eaf4cadd87499c20ba3412b1d222f9a72da7aff,10000000000000000000 ,1438926541 ,1174018366259 
0x0a63e1a8c33e351679e3581ac84ce341c32f813a,0x0000000000000000000000000000000000000000,0 ,1438926645 ,1208280982492 
0x64be1c1a0198370f53b2081e15478be3135d6bef,0x90ca42f0308bf15db201f40e41faa6dd7a96bea7,10000000000000000000 ,1438926655 ,189993997941 
0x0cda12bf72d461bbc479eb92e6491d057e6b5ad1,0x475351efe1d9cf36276ff2b7ae1d38bdb072e22c,10000000000000000 ,1438926786 ,450000000000 
0xf06d9ad3b665226845a219edad87696fce2fb88e,0xd1f647c106b7c9ed6fdb157979744c4acf521a40,1000000000000000000 ,1438926806 ,300000000000 
0xe1f5b8dc9336bc9637ea97c3f3b13cd363f88854,0x32be343b94f860124dc4fee278fdcbd38c102d88,168998740500000000000 ,1438926829 ,59976131477 
0xb0bf4a71f730782368ef660fe6d298f432f95450,0x32be343b94f860124dc4fee278fdcbd38c102d88,1299998740500000000000 ,1438926840 ,59399760853 
0x4bef38c01bc78be1914bfe8d309adf66a0e6721a,0x32be343b94f860124dc4fee278fdcbd38c102d88,179998740500000000000 ,1438926852 ,59976131477 
0xfd7c9117bbeb649d9b37b3d3c9917f7c12f526b3,0x32be343b94f860124dc4fee278fdcbd38c102d88,4998728340000000000 ,1438926854 ,59976131477 
0xf9a19aea1193d9b9e4ef2f5b8c9ec8df93a22356,0x32be343b94f860124dc4fee278fdcbd38c102d88,998765690000000000 ,1438926866 ,58776657361 
0xfb75d7e985405567216fd0917eb8bb3b3e63fd48,0x664b099b945b899aac84da69dd6d4eeb3d03c8a3,83000000000000000 ,1438926889 ,600000000000 
0x90ca42f0308bf15db201f40e41faa6dd7a96bea7,0x32be343b94f860124dc4fee278fdcbd38c102d88,9998765689999990000 ,1438926897 ,58776657361 
0x4019b21f3db1f288414ac180f3ea63315b12a7ac,0x32be343b94f860124dc4fee278fdcbd38c102d88,998765690000000000 ,1438926922 ,58776657361 
0x4eaf4cadd87499c20ba3412b1d222f9a72da7aff,0x32be343b94f860124dc4fee278fdcbd38c102d88,9998765689999990000 ,1438926928 ,58776657361 
0xdb0cc78f74d9827bdc8a6473276eb84fdc976212,0xc48f021f2eff67461bf802f15420b0a08ff158da,1000000000000000000 ,1438926973 ,1184835488677 
0x821eb90994a2fbf94bdc3233910296f76f9bf6e7,0x17f8255f73211f9129a7e93250e8b7df5d7f752d,2000000000000000000000 ,1438927035 ,300000000000 
0xd1f647c106b7c9ed6fdb157979744c4acf521a40,0x32be343b94f860124dc4fee278fdcbd38c102d88,998835830000000000 ,1438927113 ,55436599178 
0x4bd5f0ee173c81d42765154865ee69361b6ad189,0xfd7c9117bbeb649d9b37b3d3c9917f7c12f526b3,95000000000000000000 ,1438927142 ,500000000000 
0xa89ac93b23370472daac337e9afdf642543f3e57,0x92c27672fe65e002159ec2597fcf8897adbf5b29,10000000000000000000 ,1438927166 ,158535853869 
0x6331fc207bfc3aabded887b553e5cd9898c8f801,0x32be343b94f860124dc4fee278fdcbd38c102d88,499998835829999000000 ,1438927168 ,55436599178 
0x94d700b9157ffb28d39937b60317865d060bb2f2,0xb4f6a8f7cd91cd4bcadcc0a20e417c392e5f50a4,13000000000000000000 ,1438927172 ,155608918102 
0xde72e29d65eaabbd236b21c1d59a486c19abdad5,0x32be343b94f860124dc4fee278fdcbd38c102d88,3099998752610000000000 ,1438927177 ,58776657361 
0x92c27672fe65e002159ec2597fcf8897adbf5b29,0x32be343b94f860124dc4fee278fdcbd38c102d88,19998765689999900000 ,1438927180 ,58206523784 
0xfd2605a2bf58fdbb90db1da55df61628b47f9e8c,0x04b0aeb6048ba81523ecf83b50f72bb691c5ee88,100000000000000000 ,1438927183 ,56356863167 
0xb583f9403de6c5b2c83d7e2de9928331176071b8,0x32be343b94f860124dc4fee278fdcbd38c102d88,998835830000000000 ,1438927188 ,55436599178 
0x4bd5f0ee173c81d42765154865ee69361b6ad189,0xfd7c9117bbeb649d9b37b3d3c9917f7c12f526b3,10000000000000000000 ,1438927207 ,20000000000000 
0xbfdd9820a04283b289957956353b5f3c1f665ecf,0x32be343b94f860124dc4fee278fdcbd38c102d88,91798818570000000000 ,1438927208 ,55683478746 
0x92c27672fe65e002159ec2597fcf8897adbf5b29,0x32be343b94f860124dc4fee278fdcbd38c102d88,9998749520000000000 ,1438927226 ,60116760988 
0xa89ac93b23370472daac337e9afdf642543f3e57,0x92c27672fe65e002159ec2597fcf8897adbf5b29,3000000000000000000000 ,1438927258 ,131011178072 
0xa89ac93b23370472daac337e9afdf642543f3e57,0x92c27672fe65e002159ec2597fcf8897adbf5b29,749000000000000000000 ,1438927293 ,129733819085 
0x94d700b9157ffb28d39937b60317865d060bb2f2,0xb4f6a8f7cd91cd4bcadcc0a20e417c392e5f50a4,200000000000000000 ,1438927312 ,128573120593 
0xfd7c9117bbeb649d9b37b3d3c9917f7c12f526b3,0x32be343b94f860124dc4fee278fdcbd38c102d88,94998749709999900000 ,1438927322 ,60116760988 
0x8dda5e016e674683241bf671cced51e7239ea2bc,0x0cda12bf72d461bbc479eb92e6491d057e6b5ad1,1000000000000 ,1438927365 ,450000000000 
0xc1cdc601f89c0428b31302d187e0dc08ad7d1c57,0x006331fc207bfc3aabded887b553e5cd9898c8f1,3 ,1438927371 ,58039008293 
0x9746c7e1ef2bd21ff3997fa467593a89cb852bd0,0xb0bf4a71f730782368ef660fe6d298f432f95450,2000000000000000000000 ,1438927378 ,57960275839 
0x92c27672fe65e002159ec2597fcf8897adbf5b29,0x32be343b94f860124dc4fee278fdcbd38c102d88,2999998811319990000000 ,1438927387 ,56603833049 
0x08166f02313feae18bb044e7877c808b55b5bf58,0xad00b7a324f31351d397408c8c3952ea198317eb,5000000000000000000 ,1438927408 ,500000000000 
0xf06d9ad3b665226845a219edad87696fce2fb88e,0xa627e8dcbeffa8d3f027715040fcb93a30890a53,1000000000000000000 ,1438927411 ,300000000000 
0xf90b585a1e878ee18838b2688687e670bcf29d35,0xbc91527b31fbbe397f91c2b9273ea32b0d9a19a0,161300250000000000000 ,1438927424 ,57669122104 
0xad00b7a324f31351d397408c8c3952ea198317eb,0x32be343b94f860124dc4fee278fdcbd38c102d88,4998804690000000000 ,1438927447 ,56919404273 
0xdb0cc78f74d9827bdc8a6473276eb84fdc976212,0xc48f021f2eff67461bf802f15420b0a08ff158da,1131984000000000000 ,1438927448 ,1164614870466 
0x94d700b9157ffb28d39937b60317865d060bb2f2,0xb4f6a8f7cd91cd4bcadcc0a20e417c392e5f50a4,70000000000000000 ,1438927486 ,113267339366 
0xb0bf4a71f730782368ef660fe6d298f432f95450,0x32be343b94f860124dc4fee278fdcbd38c102d88,1999998816789990000000 ,1438927506 ,56919404273 
0xfd7c9117bbeb649d9b37b3d3c9917f7c12f526b3,0x32be343b94f860124dc4fee278fdcbd38c102d88,9998817680000000000 ,1438927527 ,56300690348 
0x17f8255f73211f9129a7e93250e8b7df5d7f752d,0x32be343b94f860124dc4fee278fdcbd38c102d88,1999998804689990000000 ,1438927533 ,56300690348 
0x835cfb953639abab9f2612b8d92c997771ae6312,0x32be343b94f860124dc4fee278fdcbd38c102d88,998835830000000000 ,1438927550 ,55436599178 
0x92c27672fe65e002159ec2597fcf8897adbf5b29,0x32be343b94f860124dc4fee278fdcbd38c102d88,748998764159999000000 ,1438927577 ,58849481874 
0xbc91527b31fbbe397f91c2b9273ea32b0d9a19a0,0x32be343b94f860124dc4fee278fdcbd38c102d88,161299014149999000000 ,1438927609 ,58849481874 
0x0cda12bf72d461bbc479eb92e6491d057e6b5ad1,0xe1237d552429cc333ffd3038fc3ba3441d0b7dde,3000000000000000000000 ,1438927702 ,450000000000 
0x08166f02313feae18bb044e7877c808b55b5bf58,0xad00b7a324f31351d397408c8c3952ea198317eb,1964889500000000000000 ,1438927854 ,500000000000 
0xa0a0e65204541fca9b2fb282cd95138fae16f809,0x3b4af94c39e87281410a3b5cf880b4a647459363,100000000000000000 ,1438927867 ,54736110319 
0xa08d215b5b6aac4861a281ac7e400b78fef04cbf,0x7e1f96de76715323e90cf5138ea516ad8528d407,3000000000000000000 ,1438927993 ,56951874094 
0xa08d215b5b6aac4861a281ac7e400b78fef04cbf,0x7e1f96de76715323e90cf5138ea516ad8528d407,297000000000000000000 ,1438928066 ,55350802722 
0xad00b7a324f31351d397408c8c3952ea198317eb,0x32be343b94f860124dc4fee278fdcbd38c102d88,1964888344290000000000 ,1438928083 ,55033867879 
0xa0a0e65204541fca9b2fb282cd95138fae16f809,0x3b4af94c39e87281410a3b5cf880b4a647459363,1000000000000000000 ,1438928088 ,61011106028 
0x1c257ad4a55105ea3b58ed374b198da266c85f63,0x439632734cdf5a84774156c1938cbede2ef398f0,5000000000000000000 ,1438928100 ,1191436442014 
0x9746c7e1ef2bd21ff3997fa467593a89cb852bd0,0xb0bf4a71f730782368ef660fe6d298f432f95450,2000000000000000000000 ,1438928124 ,54822244416 
0x7e1f96de76715323e90cf5138ea516ad8528d407,0x32be343b94f860124dc4fee278fdcbd38c102d88,299998783519999000000 ,1438928152 ,57927542120 
0x3b4af94c39e87281410a3b5cf880b4a647459363,0x32be343b94f860124dc4fee278fdcbd38c102d88,1098783520000000000 ,1438928206 ,57927542120 
0x0cda12bf72d461bbc479eb92e6491d057e6b5ad1,0x8dda5e016e674683241bf671cced51e7239ea2bc,1000000000000000000000 ,1438928224 ,450000000000 
0xf06d9ad3b665226845a219edad87696fce2fb88e,0x3b2367f8494b5fe18d683c055d89999c9f3d1b34,1000000000000000000 ,1438928226 ,300000000000 
0x821eb90994a2fbf94bdc3233910296f76f9bf6e7,0x17f8255f73211f9129a7e93250e8b7df5d7f752d,2000000000000000000000 ,1438928259 ,300000000000 
0xa89ac93b23370472daac337e9afdf642543f3e57,0x92c27672fe65e002159ec2597fcf8897adbf5b29,860000000000000000 ,1438928266 ,81055333865 
0x439632734cdf5a84774156c1938cbede2ef398f0,0x32be343b94f860124dc4fee278fdcbd38c102d88,4998771360000000000 ,1438928283 ,58506592618 
0x17f8255f73211f9129a7e93250e8b7df5d7f752d,0x32be343b94f860124dc4fee278fdcbd38c102d88,1999998784349990000000 ,1438928307 ,58506592618 
0xb0bf4a71f730782368ef660fe6d298f432f95450,0x32be343b94f860124dc4fee278fdcbd38c102d88,1999998759990000000000 ,1438928331 ,58506592618 
0x3b2367f8494b5fe18d683c055d89999c9f3d1b34,0xd1f647c106b7c9ed6fdb157979744c4acf521a40,10000000000000000000000 ,1438928385 ,300000000000 
0x4e5c9fd685dcc9abede1cbde4959039388bf7c5a,0xd61f065d146dde62e673fa519d464f8793f62e54,10000000000000000 ,1438928467 ,55016651675 
0x3b2367f8494b5fe18d683c055d89999c9f3d1b34,0xf06d9ad3b665226845a219edad87696fce2fb88e,980000000000000000 ,1438928470 ,300000000000 
0xe64d681b0ebca2997d5f35e72ebc7777973299d7,0x931ac2444b057f80a06a4fb627f26ffa5ce41184,200000000000000000000 ,1438928581 ,1108312172619 
0xa627e8dcbeffa8d3f027715040fcb93a30890a53,0xf06d9ad3b665226845a219edad87696fce2fb88e,990000000000000000 ,1438928622 ,300000000000 
0x821eb90994a2fbf94bdc3233910296f76f9bf6e7,0x17f8255f73211f9129a7e93250e8b7df5d7f752d,4000000000000000000000 ,1438928666 ,300000000000 
0x3f98e477a361f777da14611a7e419a75fd238b6b,0x097738363b1662599ad0777e19461601f5ec8df9,720575940379279000 ,1438928680 ,57758152271 
0xd1f647c106b7c9ed6fdb157979744c4acf521a40,0x32be343b94f860124dc4fee278fdcbd38c102d88,9999998836579990000000 ,1438928709 ,54863696114 
0x92c27672fe65e002159ec2597fcf8897adbf5b29,0x32be343b94f860124dc4fee278fdcbd38c102d88,858847860000000000 ,1438928720 ,54863696114 
0x1c257ad4a55105ea3b58ed374b198da266c85f63,0x439632734cdf5a84774156c1938cbede2ef398f0,5000000000000000000000 ,1438928723 ,1113954494171 
0x17f8255f73211f9129a7e93250e8b7df5d7f752d,0x32be343b94f860124dc4fee278fdcbd38c102d88,3999998755469990000000 ,1438928783 ,59263413606 
0x0cda12bf72d461bbc479eb92e6491d057e6b5ad1,0x475351efe1d9cf36276ff2b7ae1d38bdb072e22c,300000000000000000000 ,1438928873 ,450000000000 
0x4ea56e1112641c038d0565a9c296c463afefc17e,0xb583f9403de6c5b2c83d7e2de9928331176071b8,180500000000000000000 ,1438929022 ,56803409692 
0x439632734cdf5a84774156c1938cbede2ef398f0,0x32be343b94f860124dc4fee278fdcbd38c102d88,4999998845559990000000 ,1438929054 ,54973336564 
0xb583f9403de6c5b2c83d7e2de9928331176071b8,0x32be343b94f860124dc4fee278fdcbd38c102d88,998818570000000000 ,1438929076 ,56258440003 
0xe6a7a1d47ff21b6321162aea7c6cb457d5476bca,0x3f98e477a361f777da14611a7e419a75fd238b6b,1023695507400710000 ,1438929082 ,58018422898 
0xb1a2b43a7433dd150bb82227ed519cd6b142d382,0x92e829a1cd3017c1348fd29fb32afe9e01dcb53f,10000000000000000000 ,1438929120 ,58444392856 
0x097738363b1662599ad0777e19461601f5ec8df9,0x32be343b94f860124dc4fee278fdcbd38c102d88,719421500000000000 ,1438929177 ,54973336564 
0xe64d681b0ebca2997d5f35e72ebc7777973299d7,0x931ac2444b057f80a06a4fb627f26ffa5ce41184,200000000000000000000 ,1438929280 ,1098169666020 
0xee906d7d5f1748258174be4cbc38930302ab7b42,0x8bae48f227d978d084b009b775222baaf61ed9fe,199989500000000000000 ,1438929310 ,500000000000 
0x931ac2444b057f80a06a4fb627f26ffa5ce41184,0x32be343b94f860124dc4fee278fdcbd38c102d88,199998761700000000000 ,1438929311 ,58966470545 
0xb583f9403de6c5b2c83d7e2de9928331176071b8,0x32be343b94f860124dc4fee278fdcbd38c102d88,179498749080000000000 ,1438929315 ,58966470545 
0x4f4a9be10cd5d3fb5de48c17be296f895690645b,0xa945e7c3f69dc1e97e61f5875593b323f2d7ecda,1000000000000000000 ,1438929347 ,100000000000 
0x9252a9c83d5703edc585cfdce80d5f903d357514,0x2805a8e0ebe3c883e36ed32db09806ab53cdd310,2000000000000000 ,1438929366 ,60000000000 
0x1e6915ebd9a19c81b692ad99b1218a592c1ac7b1,0xb583f9403de6c5b2c83d7e2de9928331176071b8,199500000000000000000 ,1438929442 ,60977851374 
0xe6a7a1d47ff21b6321162aea7c6cb457d5476bca,0x638f5cb148f5cafcef28905283373f0c8d8c2672,1060752368287440000 ,1438929450 ,57654290282 
0x821eb90994a2fbf94bdc3233910296f76f9bf6e7,0x17f8255f73211f9129a7e93250e8b7df5d7f752d,1999970000000000000000 ,1438929478 ,300000000000 
0x1b7047b4338acf65be94c1a3e8c5c9338ad7d67c,0x2fe86c0450bf1be6001d119aa87f6f33117bd699,100110000000000000000 ,1438929502 ,60000000000 
0x4f4a9be10cd5d3fb5de48c17be296f895690645b,0xa945e7c3f69dc1e97e61f5875593b323f2d7ecda,1999000000000000000000 ,1438929540 ,100000000000 
0xe6a7a1d47ff21b6321162aea7c6cb457d5476bca,0xaa3d5083092da09b17024192c83361c85b19739d,1068652291199020000 ,1438929561 ,59315384812 
0x38d2e9154964b41c8d50a7487d391e7ee2c3d3c2,0xfd1356c729aba6307fdddaf2abf89c2563bbc1bf,10000000000000000000 ,1438929592 ,56519970936 
0xe6a7a1d47ff21b6321162aea7c6cb457d5476bca,0xd03f6b5b7fbcf7dd4dee4919543236c733546a2a,1078444438740270000 ,1438929597 ,56982714153 
0x17f8255f73211f9129a7e93250e8b7df5d7f752d,0x32be343b94f860124dc4fee278fdcbd38c102d88,1999968808010000000000 ,1438929604 ,56761411336 
0xb583f9403de6c5b2c83d7e2de9928331176071b8,0x32be343b94f860124dc4fee278fdcbd38c102d88,199498820630000000000 ,1438929624 ,56761411336 
0x931ac2444b057f80a06a4fb627f26ffa5ce41184,0x32be343b94f860124dc4fee278fdcbd38c102d88,199998808010000000000 ,1438929643 ,56188121081 
0xe6a7a1d47ff21b6321162aea7c6cb457d5476bca,0x408e45b501976ea5715d90b1ba57b2b969645f05,1087001278545670000 ,1438929655 ,54776026266 
0xe6a7a1d47ff21b6321162aea7c6cb457d5476bca,0x6baf48e1c966d16559ce2dddb616ffa72004851e,1149015356405160000 ,1438929731 ,58194666777 
0xbcd95ef962462b6edfa10fda87d72242fe3edb5c,0x6268efd741c08f1ec4299a8fbe1d726a081da611,334122500000000000000 ,1438929799 ,500000000000 
0xe6a7a1d47ff21b6321162aea7c6cb457d5476bca,0x9766fad89b75d0931c75b3bd3cbcb45402351a67,1169464647998390000 ,1438929842 ,55871022335 
0x6e4f1dd8edb448d8f0f2829eb817b81acee45152,0x756c55cbfa47fd23c0260f958e65866e64c096cb,1000000000000000 ,1438929855 ,500000000000 
0x7836f7ef6bc7bd0ff3acaf449c84dd6b1e2c939f,0xe14413eb7d350336fc972b500c0fbb3fd3d953ce,1000000000000000000000 ,1438929958 ,1000000000000 
0x1b7047b4338acf65be94c1a3e8c5c9338ad7d67c,0x2fe86c0450bf1be6001d119aa87f6f33117bd699,1000110000000000000000 ,1438929959 ,60000000000 
0x1b7047b4338acf65be94c1a3e8c5c9338ad7d67c,0x2fe86c0450bf1be6001d119aa87f6f33117bd699,1000110000000000000000 ,1438929961 ,60000000000 
0x1b7047b4338acf65be94c1a3e8c5c9338ad7d67c,0x2fe86c0450bf1be6001d119aa87f6f33117bd699,1000110000000000000000 ,1438929962 ,60000000000 
0x6268efd741c08f1ec4299a8fbe1d726a081da611,0x1fd82e72c890d679a44a8e61d728a81222922c31,330000000000000000000 ,1438930025 ,500000000000 
0x2fe86c0450bf1be6001d119aa87f6f33117bd699,0x32be343b94f860124dc4fee278fdcbd38c102d88,2100328725789990000000 ,1438930049 ,60676374873 
0xe6a7a1d47ff21b6321162aea7c6cb457d5476bca,0xf55cdbdf978f539ea4eee0621f7f1a0f9f00f7d9,1248196574381820000 ,1438930055 ,59314128632 
0x0b21649ef6b76e8dbac646c7cd474df6f17afc9b,0xebdc6dd87d3a9840bc68c0266f06122234430dbb,20000000000000000000 ,1438930065 ,56182090993 
0x07d41217badca5e0e60327d845a3464f0f27f84a,0xb583f9403de6c5b2c83d7e2de9928331176071b8,3999500000000000000000 ,1438930077 ,55916507726 
0x6e4f1dd8edb448d8f0f2829eb817b81acee45152,0x756c55cbfa47fd23c0260f958e65866e64c096cb,1000000000000000000 ,1438930085 ,500000000000 
0x0a2a9354e81f171976131fecbee823802e9b13ea,0x4a7c6662593951f4d9fcd1009738cccfc9d3f774,1000000000000000000 ,1438930197 ,500000000000 
0xb583f9403de6c5b2c83d7e2de9928331176071b8,0x32be343b94f860124dc4fee278fdcbd38c102d88,3999498771240000000000 ,1438930285 ,58512530783 
0x2fe86c0450bf1be6001d119aa87f6f33117bd699,0x32be343b94f860124dc4fee278fdcbd38c102d88,1000108782890000000000 ,1438930291 ,57957831991 
0xfd1356c729aba6307fdddaf2abf89c2563bbc1bf,0x32be343b94f860124dc4fee278fdcbd38c102d88,9998771240000000000 ,1438930310 ,57957831991 
0xb1a2b43a7433dd150bb82227ed519cd6b142d382,0x92e829a1cd3017c1348fd29fb32afe9e01dcb53f,800000000000000000000 ,1438930327 ,56601953874 
0x1c257ad4a55105ea3b58ed374b198da266c85f63,0x439632734cdf5a84774156c1938cbede2ef398f0,2500000000000000000000 ,1438930397 ,1117060535620 
0x3e4fbd661015f6461ed6735cefef01f31445de3a,0x53dac344f48a004729edb5a2ab8900893b904783,1000000000000000000 ,1438930430 ,600000000000 
0xe6a7a1d47ff21b6321162aea7c6cb457d5476bca,0x0a656fa14f63ce9de5d4e2e8c03c2f00918bc1e2,1248319379230160000 ,1438930466 ,58913993487 
0x49dc75d11428d1d718fc7b71941b71ae6f8bfa3c,0xef76c144553e10420aa7fa2c205db698af95bed3,49000000000000000000 ,1438930473 ,57935965411 
0xc8ebccc5f5689fa8659d83713341e5ad19349448,0x0000000000000000000000000000000000000000,14000000000000000000 ,1438930476 ,54505053457 
0xe6a7a1d47ff21b6321162aea7c6cb457d5476bca,0x5eb29be794cc425659ce205c7574d158dfa6fb15,1278487951616170000 ,1438930530 ,57812194525 
0x53dac344f48a004729edb5a2ab8900893b904783,0x32be343b94f860124dc4fee278fdcbd38c102d88,998783970000000000 ,1438930537 ,57905966794 
0xef76c144553e10420aa7fa2c205db698af95bed3,0x32be343b94f860124dc4fee278fdcbd38c102d88,48998783970000000000 ,1438930558 ,57352964810 
0xd7e30ae310c1d1800f5b641baa7af95b2e1fd98c,0xdf2b4cca7ef689e4f525fa2346b1864f36f25e25,1000000000000000000 ,1438930640 ,500000000000 
0xe6a7a1d47ff21b6321162aea7c6cb457d5476bca,0xe6e9cf0f014f687dee574d81d6a2fb6ac182922c,1441665770428620000 ,1438930675 ,59353724887 
0x834e9b529ac9fa63b39a06f8d8c9b0d6791fa5df,0xbcf9cbee07209482191e52b1136d0df410da4925,1000000000000000000 ,1438930695 ,57608012565 
0x004bfbe1546bc6c65b5c7eaa55304b38bbfec6d3,0xb583f9403de6c5b2c83d7e2de9928331176071b8,1999500000000000000000 ,1438930708 ,57514345997 
0xe6a7a1d47ff21b6321162aea7c6cb457d5476bca,0x5323a068accf78eaca5ce1a689e8a5591827787c,1499898023451420000 ,1438930749 ,56387208077 
0xe6a7a1d47ff21b6321162aea7c6cb457d5476bca,0xf178805ea39c903a49e6a465dbd40f22576ae24a,1516636838146660000 ,1438930797 ,59536613259 
0x439632734cdf5a84774156c1938cbede2ef398f0,0x32be343b94f860124dc4fee278fdcbd38c102d88,2499998818269990000000 ,1438930842 ,56272858065 
0xe6a7a1d47ff21b6321162aea7c6cb457d5476bca,0x26163e84886a136fc8034eb4e9f1cc00b1d345f1,1532624469801670000 ,1438930850 ,57124195650 
0xb583f9403de6c5b2c83d7e2de9928331176071b8,0x32be343b94f860124dc4fee278fdcbd38c102d88,1999498818270000000000 ,1438930865 ,56272858065 
0xc1cdc601f89c0428b31302d187e0dc08ad7d1c57,0xdc49b9dc1abb93ebb856547a1c0578d65f4a32de,69 ,1438930874 ,55017488546 
0xd7e30ae310c1d1800f5b641baa7af95b2e1fd98c,0xdf2b4cca7ef689e4f525fa2346b1864f36f25e25,1000000000000000000000 ,1438930924 ,500000000000 
0xc8ebccc5f5689fa8659d83713341e5ad19349448,0xdc49b9dc1abb93ebb856547a1c0578d65f4a32de,1000000000000000000 ,1438930927 ,57458235199 
0xe6a7a1d47ff21b6321162aea7c6cb457d5476bca,0xe91df4c9bf7db929bf5c093da6540cd73b342fd4,1576793094291480000 ,1438930948 ,55309500263 
0xe14413eb7d350336fc972b500c0fbb3fd3d953ce,0x32be343b94f860124dc4fee278fdcbd38c102d88,999998783350000000000 ,1438931038 ,57406288454 
0xc1cdc601f89c0428b31302d187e0dc08ad7d1c57,0xff68c2f39c4e7fe2f92c2dc2f8615b1bf070e0fa,69 ,1438931083 ,56534410313 
0xe6a7a1d47ff21b6321162aea7c6cb457d5476bca,0xbe89c1b0b910323e6b651d895a9474c19c61bc6b,1584194091069380000 ,1438931097 ,54794425354 
0xd7e30ae310c1d1800f5b641baa7af95b2e1fd98c,0x4019b21f3db1f288414ac180f3ea63315b12a7ac,1000000000000000000000 ,1438931203 ,500000000000 
0xe6a7a1d47ff21b6321162aea7c6cb457d5476bca,0xfa0d8956305edfbc2e00bee10be65876005267ac,1603518807002920000 ,1438931218 ,57536643579 
0x4019b21f3db1f288414ac180f3ea63315b12a7ac,0x32be343b94f860124dc4fee278fdcbd38c102d88,999998796379999000000 ,1438931303 ,57315136600 
0x4a7c6662593951f4d9fcd1009738cccfc9d3f774,0x32be343b94f860124dc4fee278fdcbd38c102d88,998796380000000000 ,1438931347 ,57315136600 
0xe6a7a1d47ff21b6321162aea7c6cb457d5476bca,0x60d6f4c21e8522d44158fe666dba67b2328813f3,1693474416535770000 ,1438931382 ,60429294010 
0x1fd82e72c890d679a44a8e61d728a81222922c31,0x32be343b94f860124dc4fee278fdcbd38c102d88,329998796380000000000 ,1438931394 ,57315136600 
0xe6a7a1d47ff21b6321162aea7c6cb457d5476bca,0x7faa8079222be817f259a9b359e37915cebe3605,1719650303238890000 ,1438931480 ,54768240847 
0xe6a7a1d47ff21b6321162aea7c6cb457d5476bca,0x6dc05898ee324a05e0fe99b7e0d3be71cb90913b,1735180280361200000 ,1438931533 ,60030005603 
0xd7e30ae310c1d1800f5b641baa7af95b2e1fd98c,0x4019b21f3db1f288414ac180f3ea63315b12a7ac,958801500000000000000 ,1438931611 ,500000000000 
0xe6a7a1d47ff21b6321162aea7c6cb457d5476bca,0x5bd41c3b3da9d686e42f1a27b352179c484d0279,1741548935146630000 ,1438931624 ,57117902316 
0xe6a7a1d47ff21b6321162aea7c6cb457d5476bca,0xace365e4cd93314ccf1c389f17216ffc5966bb1f,1750990130870280000 ,1438931665 ,55507127537 
0x004bfbe1546bc6c65b5c7eaa55304b38bbfec6d3,0x881b0a4e9c55d08e31d8d3c022144d75a454211c,100000000000000000 ,1438931675 ,59904929800 
0xc8ebccc5f5689fa8659d83713341e5ad19349448,0xff68c2f39c4e7fe2f92c2dc2f8615b1bf070e0fa,10000000000000 ,1438931702 ,54613126681 
0xf7b8418409f2a9de568a4bcbd93d7e26d70509ae,0x4019b21f3db1f288414ac180f3ea63315b12a7ac,989500000000000000 ,1438931703 ,500000000000 
0xe6a7a1d47ff21b6321162aea7c6cb457d5476bca,0x88f859e1f0a7c49985f0ddea95d97c6c93435320,1798314843208870000 ,1438931738 ,58902258455 
0x4019b21f3db1f288414ac180f3ea63315b12a7ac,0x32be343b94f860124dc4fee278fdcbd38c102d88,959789790240000000000 ,1438931795 ,57607719937 
0xc8ebccc5f5689fa8659d83713341e5ad19349448,0xff68c2f39c4e7fe2f92c2dc2f8615b1bf070e0fa,10000000000000 ,1438931831 ,54983952271 
0xf7500c166f8bea2f82347606e5024be9e4f4ce99,0x2d3cf607adce246f0750b08ebdc87789edb2a407,1000000000000000000 ,1438931899 ,450000000000 
0xc8ebccc5f5689fa8659d83713341e5ad19349448,0x0000000000000000000000000000000000000000,10000000000000 ,1438931909 ,57239240412 
0x51d8782d82258441078e57141daa8ffddaf8f57d,0x3af05a4d613476d483a68d0b1a6fdf4eb61644e2,30000000000000000000 ,1438931986 ,56937158939 
0x02020d22dcf88f5edd66b382d7da019f161fb7e3,0xcda330c8160f0c90b8b528c6db267acc17381818,50000000000000000 ,1438932167 ,300000000000 
0x02020d22dcf88f5edd66b382d7da019f161fb7e3,0xcda330c8160f0c90b8b528c6db267acc17381818,50000000000000000 ,1438932213 ,300000000000 
0xcda330c8160f0c90b8b528c6db267acc17381818,0x32be343b94f860124dc4fee278fdcbd38c102d88,98736910000000000 ,1438932313 ,60147130374 
0x02020d22dcf88f5edd66b382d7da019f161fb7e3,0xcda330c8160f0c90b8b528c6db267acc17381818,1000000000000000000 ,1438932342 ,300000000000 
0xe6a7a1d47ff21b6321162aea7c6cb457d5476bca,0x21e219c89ca8ac14ae4cba6130eeb77d9e6d3962,1835043173620340000 ,1438932347 ,58695799340 
0xdf8d48b1eb07b3c217790e6c2df04dc319e7e848,0x825f8ac65c876805d1410edcc237ae5bd9476bb7,10000000000000000000 ,1438932405 ,300000000000 
0xe6a7a1d47ff21b6321162aea7c6cb457d5476bca,0x3630afdcec364199c429e0907896fb114b38a0dd,1848544662242270000 ,1438932407 ,56297518205 
0xe6a7a1d47ff21b6321162aea7c6cb457d5476bca,0xd65b98dbbe8f63fa14139a10041bba7e3a0d377d,1891951828775040000 ,1438932491 ,57722337459 
0x3af05a4d613476d483a68d0b1a6fdf4eb61644e2,0x32be343b94f860124dc4fee278fdcbd38c102d88,29998789980000000000 ,1438932571 ,57040943599 
0xcda330c8160f0c90b8b528c6db267acc17381818,0x32be343b94f860124dc4fee278fdcbd38c102d88,998802140000000000 ,1438932584 ,57040943599 
0xe6a7a1d47ff21b6321162aea7c6cb457d5476bca,0x9e1b9435365ff9c0653fee36ac89657c5879a566,1929596938969840000 ,1438932628 ,60119439118 
0xdebbdd831e0f20ae6e378252decdf92f7cf0c658,0x4912d994e8ea111befbc47d04ef89a132d785d95,10000000000000000000 ,1438932654 ,54916028172 
0x96dade6c87e483acb081e9f669b4fc029a440e8b,0x55d1554b08a5311c5c0a0b6464162192f9d2f884,9000000000000000000 ,1438932655 ,54578647911 
0xe6a7a1d47ff21b6321162aea7c6cb457d5476bca,0x1379d5b7c342e519bfa972dce35cfebaa4fb1e27,1990293105012120000 ,1438932723 ,57700908236 
0xdf8d48b1eb07b3c217790e6c2df04dc319e7e848,0x825f8ac65c876805d1410edcc237ae5bd9476bb7,489000000000000000000 ,1438932752 ,300000000000 
0xe6a7a1d47ff21b6321162aea7c6cb457d5476bca,0xd0a2d2ea08cdb43a8970fbbe131cbc13adeb993d,2056758911048770000 ,1438932802 ,60202574161 
0x96dade6c87e483acb081e9f669b4fc029a440e8b,0x55d1554b08a5311c5c0a0b6464162192f9d2f884,800000000000000000 ,1438932819 ,59467998198 
0x825f8ac65c876805d1410edcc237ae5bd9476bb7,0x32be343b94f860124dc4fee278fdcbd38c102d88,498998824199999000000 ,1438932839 ,55990422166 
0xe6a7a1d47ff21b6321162aea7c6cb457d5476bca,0x985d744c50fdcb355d105ee00565a8b32bf0b08f,2075960264504300000 ,1438932849 ,58385563288 
0x4912d994e8ea111befbc47d04ef89a132d785d95,0x32be343b94f860124dc4fee278fdcbd38c102d88,9998824200000000000 ,1438932857 ,55990422166 
0xdf8d48b1eb07b3c217790e6c2df04dc319e7e848,0x4f6d4737d7a940382487264886697cf7637f8015,981100000000000000 ,1438932914 ,300000000000 
0xd79aff13ba2da75d46240cac0a2467c656949823,0x217cc0cd81dada7c89ad3efdadf04e399a3167e2,500000000000000000000 ,1438932918 ,1158719309287 
0x6b925dd5d8ed6132ab6d0860b82c44e1a51f1fee,0xbc3324c4020f0a7ddc0d9be8254b1f3f291e53fe,10000000000000000 ,1438932968 ,54506363949 
0xd79aff13ba2da75d46240cac0a2467c656949823,0x217cc0cd81dada7c89ad3efdadf04e399a3167e2,10000000000000000 ,1438933086 ,1150286920923 
0x6b925dd5d8ed6132ab6d0860b82c44e1a51f1fee,0xbc3324c4020f0a7ddc0d9be8254b1f3f291e53fe,100000000000000000000 ,1438933097 ,58014245533 
0xe6a7a1d47ff21b6321162aea7c6cb457d5476bca,0x51fb36631e0b81cb031eb2abd0667c5d702700de,2092857057924050000 ,1438933203 ,57318106063 
0x3f98e477a361f777da14611a7e419a75fd238b6b,0x097738363b1662599ad0777e19461601f5ec8df9,125000000000000000000 ,1438933216 ,58948063641 
0xebdc6dd87d3a9840bc68c0266f06122234430dbb,0x0000000000000000000000000000000000000000,0 ,1438933217 ,57134748326 
0x8bae48f227d978d084b009b775222baaf61ed9fe,0xe5e500d5c726fe768ca583c996e244d0d809a1c9,1 ,1438933263 ,500000000000 
0xe6a7a1d47ff21b6321162aea7c6cb457d5476bca,0xd4dc4b9843c73687bfc779afb40669da5f766ef6,2097116278526410000 ,1438933265 ,54459943260 
0x6b925dd5d8ed6132ab6d0860b82c44e1a51f1fee,0xbc3324c4020f0a7ddc0d9be8254b1f3f291e53fe,400000000000000000000 ,1438933292 ,54712325911 
0xdebbdd831e0f20ae6e378252decdf92f7cf0c658,0x4912d994e8ea111befbc47d04ef89a132d785d95,1500000000000000000000 ,1438933303 ,59647347367 
0x097738363b1662599ad0777e19461601f5ec8df9,0x32be343b94f860124dc4fee278fdcbd38c102d88,124998736320000000000 ,1438933337 ,59528353335 
0x217cc0cd81dada7c89ad3efdadf04e399a3167e2,0x32be343b94f860124dc4fee278fdcbd38c102d88,500008749900000000000 ,1438933359 ,59528353335 
0xe6a7a1d47ff21b6321162aea7c6cb457d5476bca,0xf2d2aff1320476cb8c6b607199d23175cc595693,2113772257911490000 ,1438933364 ,57548272118 
0xebdc6dd87d3a9840bc68c0266f06122234430dbb,0x0000000000000000000000000000000000000000,0 ,1438933414 ,59159894092 
0x8bae48f227d978d084b009b775222baaf61ed9fe,0xc94fdda93a6efde464f1ab126ca7c38c7ba04a05,1000000000000000000 ,1438933436 ,500000000000 
0xe6a7a1d47ff21b6321162aea7c6cb457d5476bca,0x1ac6f55655ac5bd17536f1f7a81de751949d13da,2209560355419560000 ,1438933438 ,57520706259 
0x1406854d149e081ac09cb4ca560da463f3123059,0xa0e74ae010d51894734c308d612131056bb721ad,10000000000000000000 ,1438933480 ,57514291049 
0xe6a7a1d47ff21b6321162aea7c6cb457d5476bca,0x5e9c22043b28e0f8f0bb0bc3403d45af09259031,2226066426081390000 ,1438933507 ,59156350787 
0xe6a7a1d47ff21b6321162aea7c6cb457d5476bca,0xa4a6b8bbb93728d873271331dd99b612147e068f,2277369793180130000 ,1438933636 ,60690554690 
0xe6a7a1d47ff21b6321162aea7c6cb457d5476bca,0x033724eb6fbb715dde73dd94f5ab95cf06528cb9,2282253538254400000 ,1438933682 ,58234345305 
0xe6a7a1d47ff21b6321162aea7c6cb457d5476bca,0x7903428eb39b4da60a93f8fcb5228b3b431b7b52,2373707508961340000 ,1438933752 ,55958849563 
0x6b925dd5d8ed6132ab6d0860b82c44e1a51f1fee,0x8fe6af6ed877f324fed769837369e2762416f5a7,500000000000000000000 ,1438933832 ,58285942101 
0xdebbdd831e0f20ae6e378252decdf92f7cf0c658,0x4912d994e8ea111befbc47d04ef89a132d785d95,489000000000000000000 ,1438933888 ,57956124464 
0xe6a7a1d47ff21b6321162aea7c6cb457d5476bca,0xb0f264dc10ce034ca560a614b1e044c1d91a3bae,2446769331333720000 ,1438933919 ,60334654696 
0xe6a7a1d47ff21b6321162aea7c6cb457d5476bca,0x134886e027977a26593c096a782c671d72873073,2477512439871090000 ,1438933963 ,59106499405 
0xebdc6dd87d3a9840bc68c0266f06122234430dbb,0x000c6f10734a65699707b23ba5b51754aa853845,1000000000000 ,1438933976 ,58612642587 
0x1406854d149e081ac09cb4ca560da463f3123059,0xa0e74ae010d51894734c308d612131056bb721ad,90000000000000000000 ,1438933983 ,56141124551 
0xe6a7a1d47ff21b6321162aea7c6cb457d5476bca,0x5e418a1728294b2ec7ef61c837d0902ce115ab5f,2716280206359390000 ,1438934020 ,56242578491 
0xa0e74ae010d51894734c308d612131056bb721ad,0x32be343b94f860124dc4fee278fdcbd38c102d88,99998812870000000000 ,1438934054 ,55380794637 
0x8fe6af6ed877f324fed769837369e2762416f5a7,0x32be343b94f860124dc4fee278fdcbd38c102d88,499998836999999000000 ,1438934058 ,55380794637 
0x4912d994e8ea111befbc47d04ef89a132d785d95,0x32be343b94f860124dc4fee278fdcbd38c102d88,1988998836999990000000 ,1438934067 ,55380794637 
0xe6a7a1d47ff21b6321162aea7c6cb457d5476bca,0x45fe0e379195681d4c1002ea4def348c19a320df,2763836606164100000 ,1438934080 ,60125097715 
0xe6a7a1d47ff21b6321162aea7c6cb457d5476bca,0xfeb0907bd66a4de5a6e71bd8da6b2eb87612763b,2841878242085890000 ,1438934184 ,57813085614 
0xe6a7a1d47ff21b6321162aea7c6cb457d5476bca,0xf88a65846c19d8fc76fff545feaa7bbc7114f667,3056878076443410000 ,1438934229 ,55654600025 
0xe6a7a1d47ff21b6321162aea7c6cb457d5476bca,0x851a5680487032aadf727270e0a310c24c269c52,3217134413524120000 ,1438934303 ,60401296367 
0xe6a7a1d47ff21b6321162aea7c6cb457d5476bca,0x97f5585473fe2644e4cf3b9802b168647b4ec882,3289123719657650000 ,1438934319 ,58640461297 
0xe6a7a1d47ff21b6321162aea7c6cb457d5476bca,0x79f6a9fc08d42283b5742e6c5fd1df7ab09eadfa,3344206323640070000 ,1438934382 ,56300728667 
0xe6a7a1d47ff21b6321162aea7c6cb457d5476bca,0xc7c3c1e14c528f3c4976b727bf9706c569feacd3,3444262124861820000 ,1438934573 ,56225826522 
0xe6a7a1d47ff21b6321162aea7c6cb457d5476bca,0x15a77bdbf3b8fecc6e606874365fcf11a9be6c0f,3568279346961110000 ,1438934591 ,55144775676 
0xe6a7a1d47ff21b6321162aea7c6cb457d5476bca,0x17bf56c2b514edf8ff776d44d4a85908b645f5ed,3587068795592430000 ,1438934630 ,59746559757 
0xe6a7a1d47ff21b6321162aea7c6cb457d5476bca,0xb5ce1861d98e85c84531dbc18720278328fd97f6,3640530190001910000 ,1438934684 ,58574722746 
0xe6a7a1d47ff21b6321162aea7c6cb457d5476bca,0xb0798de851a7c081c98966a7a0ee5c14231fb447,3789938677986760000 ,1438934737 ,55840831853 
0xe6a7a1d47ff21b6321162aea7c6cb457d5476bca,0x8d92b9eb5d4abe7d993cebd93d97cee06d79f369,3819756109475960000 ,1438934761 ,54656097965 
0x01434e4ac3238bec44a39ad642ababbb68d097e6,0xb891f05f7e7e5f3767e96bf020c5b49dbec895c0,1000000000000000000 ,1438934811 ,300000000000 
0x01434e4ac3238bec44a39ad642ababbb68d097e6,0xb891f05f7e7e5f3767e96bf020c5b49dbec895c0,1000000000000000000 ,1438934844 ,300000000000 
0x5b3e850e39e6f2c7dd38707b649e2b3536f14c0b,0xdcd8aa0e6fd68b057c5ac5e362619808a175ce87,1000000000000000000 ,1438934884 ,60000000000 
0xe6a7a1d47ff21b6321162aea7c6cb457d5476bca,0x87c85c25f631c791346688b2553408f103ed0d5c,3851959427684240000 ,1438934904 ,59239344991 
0xe6a7a1d47ff21b6321162aea7c6cb457d5476bca,0x8526367db2ac0ce8c2b7081da93b188ba7fe067a,4168151846765160000 ,1438934910 ,57572235705 
0x7d7e7c61779adb7706c94d32409a2bb4e994bf60,0x734b61f8167583fcd27c677b8db9369c6a3d0689,10000000000000000 ,1438934951 ,3000000000000 
0xe6a7a1d47ff21b6321162aea7c6cb457d5476bca,0x2a9345be3f611a15b4ac383c0f601c4b16b24577,4533442365219000000 ,1438934998 ,60456841727 
0xe6a7a1d47ff21b6321162aea7c6cb457d5476bca,0x8c0289be956871067742ecfcd1e7797f313ec7d4,4624550856079720000 ,1438935007 ,58444508213 
0x5b3e850e39e6f2c7dd38707b649e2b3536f14c0b,0xdcd8aa0e6fd68b057c5ac5e362619808a175ce87,20000000000000000000 ,1438935045 ,60000000000 
0x1406854d149e081ac09cb4ca560da463f3123059,0xa0e74ae010d51894734c308d612131056bb721ad,10000000000000000000 ,1438935145 ,57514345997 
0xe6a7a1d47ff21b6321162aea7c6cb457d5476bca,0x2a28a9f6eb28ca7b93978adb543d29ae4ceb84d4,4737443753895150000 ,1438935176 ,57293607583 
0xb891f05f7e7e5f3767e96bf020c5b49dbec895c0,0x32be343b94f860124dc4fee278fdcbd38c102d88,1998797820000000000 ,1438935216 ,57246433841 
0xe6a7a1d47ff21b6321162aea7c6cb457d5476bca,0xad44b715a1335e19b2eff8699e2abef33483880c,4899421982117000000 ,1438935218 ,55595830940 
0x1406854d149e081ac09cb4ca560da463f3123059,0x11594d28a010e5c8e92576098d0d543ea32776fc,10000000000000000000 ,1438935281 ,59948369683 
0xa0e74ae010d51894734c308d612131056bb721ad,0x32be343b94f860124dc4fee278fdcbd38c102d88,9998813220000000000 ,1438935302 ,57662350781 
0xe6a7a1d47ff21b6321162aea7c6cb457d5476bca,0xb5efa1ed835f579435d9c1447381e285d335b94e,4957270977525680000 ,1438935310 ,58997066253 
0x01434e4ac3238bec44a39ad642ababbb68d097e6,0xb891f05f7e7e5f3767e96bf020c5b49dbec895c0,20000000000000000000 ,1438935401 ,300000000000 
0xe6a7a1d47ff21b6321162aea7c6cb457d5476bca,0x837a2a346557050c8cf0fb24b84aa695e8add19f,5158684662553410000 ,1438935415 ,56040992027 
0xe6a7a1d47ff21b6321162aea7c6cb457d5476bca,0xef5184cd2bbb274d787beab010141a0a85626e7b,5233968596749440000 ,1438935425 ,56040992027 
0x1406854d149e081ac09cb4ca560da463f3123059,0xa0e74ae010d51894734c308d612131056bb721ad,80000000000000000000 ,1438935485 ,56927124524 
0xe6a7a1d47ff21b6321162aea7c6cb457d5476bca,0xbf1190404ad7d103833bad0cd850a385b9a2d838,5294652130041940000 ,1438935528 ,56040992027 
0xe6a7a1d47ff21b6321162aea7c6cb457d5476bca,0x625c91d2ec2873db4773931f7dfef46cc594b2c9,5436516321390370000 ,1438935539 ,60814196471 
0x8a780ab87a9145fe10ed60fa476a740af4cab1d2,0x6da78495a1077714f3fc0f082109545d8c3c0032,333000000000000000000 ,1438935542 ,54667770182 
0xa0e74ae010d51894734c308d612131056bb721ad,0x32be343b94f860124dc4fee278fdcbd38c102d88,79998784160000000000 ,1438935557 ,57897211329 
0xe6a7a1d47ff21b6321162aea7c6cb457d5476bca,0x323cd41e4d4e74eb94ca49edccaab03f798a930a,5553532183449450000 ,1438935571 ,57999772344 
0xb891f05f7e7e5f3767e96bf020c5b49dbec895c0,0x32be343b94f860124dc4fee278fdcbd38c102d88,19998784160000000000 ,1438935587 ,57897211329 
0xe6a7a1d47ff21b6321162aea7c6cb457d5476bca,0x95893f64255e656e6ad6ac405ebceb1117884060,5559618031435630000 ,1438935674 ,56772096614 
0xe6a7a1d47ff21b6321162aea7c6cb457d5476bca,0x07b4875db0388e150d1d95dd975e458f1ec2a210,5692936915294190000 ,1438935682 ,56216297788 
0xe6a7a1d47ff21b6321162aea7c6cb457d5476bca,0x28cf1915522f9744ef20294faebe6575e2fd5f38,5694933950663390000 ,1438935683 ,60441195063 
0xe6a7a1d47ff21b6321162aea7c6cb457d5476bca,0x9835c2d4f081a497739c2d75e4f00ecafcb9ebd6,5710220079359270000 ,1438935710 ,59119997682 
0x1406854d149e081ac09cb4ca560da463f3123059,0x11594d28a010e5c8e92576098d0d543ea32776fc,30000000000000000000 ,1438935748 ,59213863986 
0xe6a7a1d47ff21b6321162aea7c6cb457d5476bca,0x52b5a78c46ccfb353da9086ec8d9a8145c25a71a,5719540442353290000 ,1438935755 ,56771462733 
0xdcd8aa0e6fd68b057c5ac5e362619808a175ce87,0x5b3e850e39e6f2c7dd38707b649e2b3536f14c0b,1000000000000000000 ,1438935780 ,60000000000 
0xe6a7a1d47ff21b6321162aea7c6cb457d5476bca,0x3456bd3314021ed46e104c9011ee5187c9ea46e0,5770322310966420000 ,1438935790 ,55636069953 
0x6da78495a1077714f3fc0f082109545d8c3c0032,0x32be343b94f860124dc4fee278fdcbd38c102d88,332998750120000000000 ,1438935808 ,58892164460 
0xe6a7a1d47ff21b6321162aea7c6cb457d5476bca,0x952f389ece021cecc7e7e00b5316925e14396b92,5831232636389380000 ,1438935816 ,58720796456 
0x1406854d149e081ac09cb4ca560da463f3123059,0x11594d28a010e5c8e92576098d0d543ea32776fc,100000000000000000000 ,1438935885 ,56356863167 
0x7d7e7c61779adb7706c94d32409a2bb4e994bf60,0x734b61f8167583fcd27c677b8db9369c6a3d0689,1000000000000000 ,1438935971 ,3000000000000 
0x7d7e7c61779adb7706c94d32409a2bb4e994bf60,0x734b61f8167583fcd27c677b8db9369c6a3d0689,1000000000000000 ,1438935987 ,3000000000000 
0xfbe0afcd7658ba86be41922059dd879c192d4c73,None,14985000000000000000 ,1438935994 ,500000000000 
0xe6a7a1d47ff21b6321162aea7c6cb457d5476bca,0x0c9a9e318c2fbf98388ccc81141392c066fbbc19,6257201298049980000 ,1438936040 ,59278636294 
0xab265e840933431739e8be901b21785aab7d28be,0xf9a19aea1193d9b9e4ef2f5b8c9ec8df93a22356,2000000000000000000 ,1438936061 ,500000000000 
0xe6a7a1d47ff21b6321162aea7c6cb457d5476bca,0x4f68024b7ceb5ca92e7308bd08e523c632c0c739,6707210713927710000 ,1438936107 ,56474758131 
0xe6a7a1d47ff21b6321162aea7c6cb457d5476bca,0x3fef71cb8ac8711eca473049d813b003a76d1eaa,7009922497893920000 ,1438936127 ,56474758131 
0x1406854d149e081ac09cb4ca560da463f3123059,0x11594d28a010e5c8e92576098d0d543ea32776fc,60000000000000000000 ,1438936138 ,56187575878 
0x24339341f29d2aad7d3c591c0f9931e7d4bfed6e,0x56011d6b57a70c27f7cc294905a5dda65bfbd154,1000000000000000000 ,1438936198 ,300000000000 
0x1406854d149e081ac09cb4ca560da463f3123059,0x11594d28a010e5c8e92576098d0d543ea32776fc,100000000000000000000 ,1438936231 ,58657650269 
0x03c647a9f929b0781fe9ae01caa3e183e876777e,0xf77a1a60534f0d1c012dd5860cec5f30865df6b8,440800000000000000000 ,1438936247 ,55469695210 
0xe6a7a1d47ff21b6321162aea7c6cb457d5476bca,0x2b15c5211bda6a867c582080536f6c61766aa5af,7376635686030890000 ,1438936272 ,54880457270 
0xe6a7a1d47ff21b6321162aea7c6cb457d5476bca,0x3fe698ddd00ce16bfb0f2b875d29cf6b91eb677d,7650701151060800000 ,1438936272 ,54880457270 
0xe6a7a1d47ff21b6321162aea7c6cb457d5476bca,0x7aaaa306d4a7fd1696a82a66cc538d29f5af4e39,7655659441868970000 ,1438936274 ,54880457270 
0x1406854d149e081ac09cb4ca560da463f3123059,0xa0e74ae010d51894734c308d612131056bb721ad,110000000000000000000 ,1438936285 ,62227241854 
0xe6a7a1d47ff21b6321162aea7c6cb457d5476bca,0xee80ef3c49d9465c7fc2b3d7373fdbbbc3fe282f,8140416390630760000 ,1438936285 ,62222792381 
0xe6a7a1d47ff21b6321162aea7c6cb457d5476bca,0xe25e3a1947405a1f82dd8e3048a9ca471dc782e1,8306052477120670000 ,1438936326 ,61580653163 
0xf9a19aea1193d9b9e4ef2f5b8c9ec8df93a22356,0x32be343b94f860124dc4fee278fdcbd38c102d88,1998716170000000000 ,1438936326 ,61134768794 
0xdcd8aa0e6fd68b057c5ac5e362619808a175ce87,0x1a6e2d880420fd418522f080d5e31fee4a74a55e,1000000000000000000 ,1438936343 ,60000000000 
0xe6a7a1d47ff21b6321162aea7c6cb457d5476bca,0xce266fafd0c5b4fa61ac52879cbc1574570aca16,8749143420644500000 ,1438936363 ,65530619261 
0xe6a7a1d47ff21b6321162aea7c6cb457d5476bca,0x5175f107219871c88e0c4202f14a5f34088b54c8,8964622918158900000 ,1438936390 ,64294041271 
0xe6a7a1d47ff21b6321162aea7c6cb457d5476bca,0xa850c5af189e99871ec072b08fc5c91fd14fc2eb,9017048886695340000 ,1438936416 ,62907701359 
0xbd744e3f13d79b33f6c8e1d5e32f8e9ba2866c46,0xa76096364818e36fe973189dfc0e47f0d51c7746,10582820000000000000 ,1438936495 ,68215734915 
0xe6a7a1d47ff21b6321162aea7c6cb457d5476bca,0xab265e840933431739e8be901b21785aab7d28be,9224387768049420000 ,1438936495 ,61730594468 
0xe6a7a1d47ff21b6321162aea7c6cb457d5476bca,0x2b197453dcfabe85be2fbe31c8cc19bd30576ed0,9481707468154080000 ,1438936554 ,66797227160 
0x1a6e2d880420fd418522f080d5e31fee4a74a55e,0x32be343b94f860124dc4fee278fdcbd38c102d88,998605670000000000 ,1438936566 ,65779379352 
0x24339341f29d2aad7d3c591c0f9931e7d4bfed6e,0x56011d6b57a70c27f7cc294905a5dda65bfbd154,300000000000000000000 ,1438936573 ,300000000000 
0x24339341f29d2aad7d3c591c0f9931e7d4bfed6e,0x56011d6b57a70c27f7cc294905a5dda65bfbd154,199000000000000000000 ,1438936629 ,300000000000 
0x24339341f29d2aad7d3c591c0f9931e7d4bfed6e,0x56011d6b57a70c27f7cc294905a5dda65bfbd154,500000000000000000000 ,1438936718 ,300000000000 
0xe6a7a1d47ff21b6321162aea7c6cb457d5476bca,0x18dad3c05e410bc8001d3ffded6cb869db4912d0,9502249417305660000 ,1438936775 ,58709150678 
0x03c647a9f929b0781fe9ae01caa3e183e876777e,0xb583f9403de6c5b2c83d7e2de9928331176071b8,4988837466127760000 ,1438936787 ,58199980659 
0xe6a7a1d47ff21b6321162aea7c6cb457d5476bca,0xc6407f14351edfdc1f152ac1ca004d678f586856,9551145307257310000 ,1438936793 ,57543124009 
0xa0e74ae010d51894734c308d612131056bb721ad,0x32be343b94f860124dc4fee278fdcbd38c102d88,109998835879999000000 ,1438936834 ,55434126299 
0xf77a1a60534f0d1c012dd5860cec5f30865df6b8,0x32be343b94f860124dc4fee278fdcbd38c102d88,440798835880000000000 ,1438936834 ,55434126299 
0xe6a7a1d47ff21b6321162aea7c6cb457d5476bca,0x17cceb5416303cc5b49303348ea8b6914ca47a62,9623514591714610000 ,1438936915 ,56411074100 
0xe6a7a1d47ff21b6321162aea7c6cb457d5476bca,0x8f9822e187f830d1100df89b4b088c6ce5f10d7d,9716933457839920000 ,1438936915 ,56411074100 
0xe6a7a1d47ff21b6321162aea7c6cb457d5476bca,0x8421b6810a1aee71b0baa38d7e1b5de6f71245d2,9747920997611690000 ,1438936920 ,56411074100 
0x7d7e7c61779adb7706c94d32409a2bb4e994bf60,0x734b61f8167583fcd27c677b8db9369c6a3d0689,100000000000000 ,1438936936 ,3000000000000 
0xe6a7a1d47ff21b6321162aea7c6cb457d5476bca,0xfb7bc66a002762e28545ea0a7fc970d381863c42,9927626591723160000 ,1438936946 ,67647097211 
0xe6a7a1d47ff21b6321162aea7c6cb457d5476bca,0x75f9ad8f648129cb38e85d8ab3018af048e18f24,10028253766640000000 ,1438936983 ,65033358868 
0xf0a3af9e925b07d1faa4ddf8bebfaa86b7b95e33,0x537fbde14cf29bb12e0b2561e3f75bc8ab73bc04,100000000 ,1438937029 ,60000000000 
0xe6a7a1d47ff21b6321162aea7c6cb457d5476bca,0xdf6ddc40f2297bfac49be5503b2bc6ac094e96be,10204186455593100000 ,1438937034 ,61987366922 
0xb583f9403de6c5b2c83d7e2de9928331176071b8,0x32be343b94f860124dc4fee278fdcbd38c102d88,4987613410000000000 ,1438937057 ,58288637555 
0xdcd8aa0e6fd68b057c5ac5e362619808a175ce87,0x1a6e2d880420fd418522f080d5e31fee4a74a55e,18000000000000000000 ,1438937078 ,60000000000 
0xe6a7a1d47ff21b6321162aea7c6cb457d5476bca,0xb4f6a8f7cd91cd4bcadcc0a20e417c392e5f50a4,10346885528620500000 ,1438937078 ,59361580832 
0xe6a7a1d47ff21b6321162aea7c6cb457d5476bca,0xb6f15735af04ae6d37b89592e406311a94e4f5f2,10629851999457000000 ,1438937112 ,63469005024 
0xe6a7a1d47ff21b6321162aea7c6cb457d5476bca,0x8eb3fbb4a0cc2366e88fb476df63d3ad6907907b,10863978548282200000 ,1438937124 ,62237391323 
0xe6a7a1d47ff21b6321162aea7c6cb457d5476bca,0x707e0b3205d90e717a6b1171816f3c36d18c2d63,11123910364151800000 ,1438937167 ,61562738000 
0xe6a7a1d47ff21b6321162aea7c6cb457d5476bca,0x3b7ce4d16316f594a3c5ebb7ccc4c022fc2858c6,11192488529473900000 ,1438937197 ,59671533208 
0xe6a7a1d47ff21b6321162aea7c6cb457d5476bca,0xabf56d5ca441ecad5979023ec368b74a8d662d95,11360165710017800000 ,1438937263 ,58468120582 
0xe6a7a1d47ff21b6321162aea7c6cb457d5476bca,0x6b4971f56172fe56565fd3d6b56f8ca3c91b2bad,11373280673286400000 ,1438937319 ,57929629192 
0x1a6e2d880420fd418522f080d5e31fee4a74a55e,0x32be343b94f860124dc4fee278fdcbd38c102d88,17998818729999900000 ,1438937319 ,56867877306 
0xe6a7a1d47ff21b6321162aea7c6cb457d5476bca,0xe3d7b9e55cb6232cd4b7190b2add2a306fd4227f,11427742147554200000 ,1438937353 ,62114662339 
0xdb312d1d6a2ccc64dd94a3892928bac82b4e8c15,0x34bb6978c5a1ad68777ad388c6787df53903430c,1000000000000000000 ,1438937401 ,100000000000 
0xe6a7a1d47ff21b6321162aea7c6cb457d5476bca,0x8c1b019b926ce92d867317f1460d477729e466f1,11492698260425300000 ,1438937809 ,59890844995 
0xe6a7a1d47ff21b6321162aea7c6cb457d5476bca,0x83b72f566f6ef3fd4a25c58119809f846602292c,11953816824142300000 ,1438937888 ,57564584082 
0x3e4fbd661015f6461ed6735cefef01f31445de3a,0x53dac344f48a004729edb5a2ab8900893b904783,16198000000000000000000 ,1438937950 ,600000000000 
0x34bb6978c5a1ad68777ad388c6787df53903430c,0xdb312d1d6a2ccc64dd94a3892928bac82b4e8c15,990000000000000000 ,1438937950 ,100000000000 
0xe6a7a1d47ff21b6321162aea7c6cb457d5476bca,0xd79aff13ba2da75d46240cac0a2467c656949823,11997963765264100000 ,1438937966 ,56492017581 
0xe6a7a1d47ff21b6321162aea7c6cb457d5476bca,0x8abedc756e11b6fe8ef40840f01effe5dc147331,12575720011527100000 ,1438937966 ,56492017581 
0xe6a7a1d47ff21b6321162aea7c6cb457d5476bca,0x3056b7bf97104d34e56b79083cf078e9bef5f96f,12653427020289900000 ,1438938017 ,68071825341 
0x3e4fbd661015f6461ed6735cefef01f31445de3a,0x53dac344f48a004729edb5a2ab8900893b904783,950000000000000000 ,1438938058 ,600000000000 
0x53dac344f48a004729edb5a2ab8900893b904783,0x32be343b94f860124dc4fee278fdcbd38c102d88,16197998602650000000000 ,1438938058 ,66540533767 
0xe6a7a1d47ff21b6321162aea7c6cb457d5476bca,0x3222ba3f3e79ea0e31467eee7639b57923558ccd,12974215387314100000 ,1438938072 ,67329161726 
0xe6a7a1d47ff21b6321162aea7c6cb457d5476bca,0x9e0afd592b1e40bee26816e360f02eebf04ad74b,14077595163589000000 ,1438938137 ,73306288070 
0xe6a7a1d47ff21b6321162aea7c6cb457d5476bca,0xaea7dd890b77a6ded1086bf512f2d635e7da10e6,14230251278424500000 ,1438938137 ,73306288070 
0xe6a7a1d47ff21b6321162aea7c6cb457d5476bca,0xb700725f1574c1e333f41f81bd84cae05d934dbc,14242956341358300000 ,1438938181 ,79687334460 
0x3e4fbd661015f6461ed6735cefef01f31445de3a,0x53dac344f48a004729edb5a2ab8900893b904783,1000000000000000 ,1438938207 ,500000000000 
0xe6a7a1d47ff21b6321162aea7c6cb457d5476bca,0x8178414ff0aba7fd5bc60a72cb17e213b371f35c,14548964162080300000 ,1438938299 ,75838481684 
0xe6a7a1d47ff21b6321162aea7c6cb457d5476bca,0x834e9b529ac9fa63b39a06f8d8c9b0d6791fa5df,14562099904087300000 ,1438938299 ,75838481684 
0x53dac344f48a004729edb5a2ab8900893b904783,0x32be343b94f860124dc4fee278fdcbd38c102d88,949473210000000000 ,1438938310 ,72704372665 
0xe6a7a1d47ff21b6321162aea7c6cb457d5476bca,0xe53fe5b196a315de96297181e99f6c22a9313fd3,14668737304403800000 ,1438938335 ,82101288961 
0x7abb10f5bd9bc33b8ec1a82d64b55b6b18777541,0x34bb6978c5a1ad68777ad388c6787df53903430c,1000000000000000000 ,1438938439 ,100000000000 
0xe6a7a1d47ff21b6321162aea7c6cb457d5476bca,0xf64ee50154e0d74461966b4bb90139c010bca68b,14780189996408100000 ,1438938439 ,79485096875 
0xe6a7a1d47ff21b6321162aea7c6cb457d5476bca,0x3d4e0ccd5beefba5131a2dab7e019c6a7928f32e,14946977910361500000 ,1438938515 ,79485096875 
0x7abb10f5bd9bc33b8ec1a82d64b55b6b18777541,0x34bb6978c5a1ad68777ad388c6787df53903430c,1000000000000000000000 ,1438938535 ,100000000000 
